Protocol,Packet Count,First Timestamp,Last Timestamp,Mean Packet Length
Ether,1,Unknown,Unknown,96
Ether,1,Unknown,Unknown,66
Ether,1,Unknown,Unknown,112
Ether,1,Unknown,Unknown,66
Ether,1,Unknown,Unknown,84
Ether,1,Unknown,Unknown,88
Ether,1,Unknown,Unknown,84
Ether,1,Unknown,Unknown,123
Ether,1,Unknown,Unknown,81
Ether,1,Unknown,Unknown,97
Ether,1,Unknown,Unknown,84
Ether,1,Unknown,Unknown,110
Ether,1,Unknown,Unknown,72
Ether,1,Unknown,Unknown,88
Ether,1,Unknown,Unknown,93
Ether,1,Unknown,Unknown,66
Ether,1,Unknown,Unknown,90
Ether,1,Unknown,Unknown,157
Ether,1,Unknown,Unknown,66
Ether,1,Unknown,Unknown,66
Ether,1,Unknown,Unknown,86
Ether,1,Unknown,Unknown,138
Ether,1,Unknown,Unknown,108
Ether,1,Unknown,Unknown,66
Ether,1,Unknown,Unknown,88
Ether,1,Unknown,Unknown,98
Ether,1,Unknown,Unknown,114
Ether,1,Unknown,Unknown,122
Ether,1,Unknown,Unknown,80
Ether,1,Unknown,Unknown,96
Ether,1,Unknown,Unknown,136
Ether,1,Unknown,Unknown,66
Ether,1,Unknown,Unknown,143
Ether,1,Unknown,Unknown,66
Ether,1,Unknown,Unknown,111
Ether,1,Unknown,Unknown,66
Ether,1,Unknown,Unknown,32
Ether,1,Unknown,Unknown,78
Ether,1,Unknown,Unknown,54
Ether,1,Unknown,Unknown,93
Ether,1,Unknown,Unknown,66
Ether,1,Unknown,Unknown,86
Ether,1,Unknown,Unknown,147
Ether,1,Unknown,Unknown,90
Ether,1,Unknown,Unknown,66
Ether,1,Unknown,Unknown,73
Ether,1,Unknown,Unknown,66
Ether,1,Unknown,Unknown,107
Ether,1,Unknown,Unknown,123
Ether,1,Unknown,Unknown,62
Ether,1,Unknown,Unknown,54
Ether,1,Unknown,Unknown,91
Ether,1,Unknown,Unknown,66
Ether,1,Unknown,Unknown,91
Ether,1,Unknown,Unknown,66
Ether,1,Unknown,Unknown,132
Ether,1,Unknown,Unknown,66
Ether,1,Unknown,Unknown,86
Ether,1,Unknown,Unknown,87
Ether,1,Unknown,Unknown,86
Ether,1,Unknown,Unknown,149
Ether,1,Unknown,Unknown,143
Ether,1,Unknown,Unknown,138
Ether,1,Unknown,Unknown,82
Ether,1,Unknown,Unknown,66
Ether,1,Unknown,Unknown,1090
Ether,1,Unknown,Unknown,66
Ether,1,Unknown,Unknown,1152
Ether,1,Unknown,Unknown,66
Ether,1,Unknown,Unknown,108
Ether,1,Unknown,Unknown,103
Ether,1,Unknown,Unknown,98
Ether,1,Unknown,Unknown,124
Ether,1,Unknown,Unknown,119
Ether,1,Unknown,Unknown,114
Ether,1,Unknown,Unknown,160
Ether,1,Unknown,Unknown,66
Ether,1,Unknown,Unknown,99
Ether,1,Unknown,Unknown,66
Ether,1,Unknown,Unknown,62
Ether,1,Unknown,Unknown,54
Ether,1,Unknown,Unknown,96
Ether,1,Unknown,Unknown,112
Ether,1,Unknown,Unknown,66
Ether,1,Unknown,Unknown,112
Ether,1,Unknown,Unknown,66
Ether,1,Unknown,Unknown,70
Ether,1,Unknown,Unknown,82
Ether,1,Unknown,Unknown,70
Ether,1,Unknown,Unknown,108
Ether,1,Unknown,Unknown,66
Ether,1,Unknown,Unknown,85
Ether,1,Unknown,Unknown,70
Ether,1,Unknown,Unknown,66
Ether,1,Unknown,Unknown,133
Ether,1,Unknown,Unknown,94
Ether,1,Unknown,Unknown,110
Ether,1,Unknown,Unknown,92
Ether,1,Unknown,Unknown,92
Ether,1,Unknown,Unknown,92
Ether,1,Unknown,Unknown,66
Ether,1,Unknown,Unknown,66
Ether,1,Unknown,Unknown,66
Ether,1,Unknown,Unknown,186
Ether,1,Unknown,Unknown,66
Ether,1,Unknown,Unknown,171
Ether,1,Unknown,Unknown,66
Ether,1,Unknown,Unknown,107
Ether,1,Unknown,Unknown,66
Ether,1,Unknown,Unknown,92
Ether,1,Unknown,Unknown,66
Ether,1,Unknown,Unknown,144
Ether,1,Unknown,Unknown,66
Ether,1,Unknown,Unknown,67
Ether,1,Unknown,Unknown,67
Ether,1,Unknown,Unknown,66
Ether,1,Unknown,Unknown,78
Ether,1,Unknown,Unknown,66
Ether,1,Unknown,Unknown,1090
Ether,1,Unknown,Unknown,66
Ether,1,Unknown,Unknown,1514
Ether,1,Unknown,Unknown,66
Ether,1,Unknown,Unknown,1514
Ether,1,Unknown,Unknown,66
Ether,1,Unknown,Unknown,1514
Ether,1,Unknown,Unknown,66
Ether,1,Unknown,Unknown,1514
Ether,1,Unknown,Unknown,66
Ether,1,Unknown,Unknown,1514
Ether,1,Unknown,Unknown,66
Ether,1,Unknown,Unknown,1514
Ether,1,Unknown,Unknown,66
Ether,1,Unknown,Unknown,1514
Ether,1,Unknown,Unknown,66
Ether,1,Unknown,Unknown,1514
Ether,1,Unknown,Unknown,66
Ether,1,Unknown,Unknown,1514
Ether,1,Unknown,Unknown,66
Ether,1,Unknown,Unknown,1514
Ether,1,Unknown,Unknown,66
Ether,1,Unknown,Unknown,1514
Ether,1,Unknown,Unknown,66
Ether,1,Unknown,Unknown,1514
Ether,1,Unknown,Unknown,66
Ether,1,Unknown,Unknown,1514
Ether,1,Unknown,Unknown,66
Ether,1,Unknown,Unknown,1514
Ether,1,Unknown,Unknown,66
Ether,1,Unknown,Unknown,881
Ether,1,Unknown,Unknown,66
Ether,1,Unknown,Unknown,96
Ether,1,Unknown,Unknown,112
Ether,1,Unknown,Unknown,66
Ether,1,Unknown,Unknown,109
Ether,1,Unknown,Unknown,66
Ether,1,Unknown,Unknown,155
Ether,1,Unknown,Unknown,66
Ether,1,Unknown,Unknown,155
Ether,1,Unknown,Unknown,66
Ether,1,Unknown,Unknown,102
Ether,1,Unknown,Unknown,66
Ether,1,Unknown,Unknown,93
Ether,1,Unknown,Unknown,66
Ether,1,Unknown,Unknown,90
Ether,1,Unknown,Unknown,66
Ether,1,Unknown,Unknown,109
Ether,1,Unknown,Unknown,66
Ether,1,Unknown,Unknown,93
Ether,1,Unknown,Unknown,66
Ether,1,Unknown,Unknown,106
Ether,1,Unknown,Unknown,66
Ether,1,Unknown,Unknown,91
Ether,1,Unknown,Unknown,66
Ether,1,Unknown,Unknown,60
Ether,1,Unknown,Unknown,42
Ether,1,Unknown,Unknown,60
Ether,1,Unknown,Unknown,86
Ether,1,Unknown,Unknown,146
Ether,1,Unknown,Unknown,96
Ether,1,Unknown,Unknown,112
Ether,1,Unknown,Unknown,66
Ether,1,Unknown,Unknown,106
Ether,1,Unknown,Unknown,122
Ether,1,Unknown,Unknown,60
Ether,1,Unknown,Unknown,60
Ether,1,Unknown,Unknown,60
Ether,1,Unknown,Unknown,60
Ether,1,Unknown,Unknown,91
Ether,1,Unknown,Unknown,66
Ether,1,Unknown,Unknown,91
Ether,1,Unknown,Unknown,84
Ether,1,Unknown,Unknown,86
Ether,1,Unknown,Unknown,86
Ether,1,Unknown,Unknown,87
Ether,1,Unknown,Unknown,137
Ether,1,Unknown,Unknown,147
Ether,1,Unknown,Unknown,143
Ether,1,Unknown,Unknown,133
Ether,1,Unknown,Unknown,66
Ether,1,Unknown,Unknown,99
Ether,1,Unknown,Unknown,107
Ether,1,Unknown,Unknown,103
Ether,1,Unknown,Unknown,92
Ether,1,Unknown,Unknown,115
Ether,1,Unknown,Unknown,123
Ether,1,Unknown,Unknown,119
Ether,1,Unknown,Unknown,108
Ether,1,Unknown,Unknown,137
Ether,1,Unknown,Unknown,66
Ether,1,Unknown,Unknown,91
Ether,1,Unknown,Unknown,66
Ether,1,Unknown,Unknown,231
Ether,1,Unknown,Unknown,66
Ether,1,Unknown,Unknown,60
Ether,1,Unknown,Unknown,60
Ether,1,Unknown,Unknown,65
Ether,1,Unknown,Unknown,85
Ether,1,Unknown,Unknown,88
Ether,1,Unknown,Unknown,93
Ether,1,Unknown,Unknown,60
Ether,1,Unknown,Unknown,93
Ether,1,Unknown,Unknown,60
Ether,1,Unknown,Unknown,135
Ether,1,Unknown,Unknown,140
Ether,1,Unknown,Unknown,96
Ether,1,Unknown,Unknown,98
Ether,1,Unknown,Unknown,112
Ether,1,Unknown,Unknown,114
Ether,1,Unknown,Unknown,60
Ether,1,Unknown,Unknown,60
Ether,1,Unknown,Unknown,60
Ether,1,Unknown,Unknown,60
Ether,1,Unknown,Unknown,70
Ether,1,Unknown,Unknown,70
Ether,1,Unknown,Unknown,112
Ether,1,Unknown,Unknown,66
Ether,1,Unknown,Unknown,114
Ether,1,Unknown,Unknown,66
Ether,1,Unknown,Unknown,32
Ether,1,Unknown,Unknown,87
Ether,1,Unknown,Unknown,87
Ether,1,Unknown,Unknown,87
Ether,1,Unknown,Unknown,87
Ether,1,Unknown,Unknown,85
Ether,1,Unknown,Unknown,86
Ether,1,Unknown,Unknown,149
Ether,1,Unknown,Unknown,149
Ether,1,Unknown,Unknown,149
Ether,1,Unknown,Unknown,135
Ether,1,Unknown,Unknown,145
Ether,1,Unknown,Unknown,147
Ether,1,Unknown,Unknown,108
Ether,1,Unknown,Unknown,108
Ether,1,Unknown,Unknown,108
Ether,1,Unknown,Unknown,94
Ether,1,Unknown,Unknown,106
Ether,1,Unknown,Unknown,107
Ether,1,Unknown,Unknown,124
Ether,1,Unknown,Unknown,124
Ether,1,Unknown,Unknown,124
Ether,1,Unknown,Unknown,110
Ether,1,Unknown,Unknown,122
Ether,1,Unknown,Unknown,123
Ether,1,Unknown,Unknown,60
Ether,1,Unknown,Unknown,93
Ether,1,Unknown,Unknown,60
Ether,1,Unknown,Unknown,60
Ether,1,Unknown,Unknown,74
Ether,1,Unknown,Unknown,60
Ether,1,Unknown,Unknown,70
Ether,1,Unknown,Unknown,78
Ether,1,Unknown,Unknown,66
Ether,1,Unknown,Unknown,80
Ether,1,Unknown,Unknown,139
Ether,1,Unknown,Unknown,66
Ether,1,Unknown,Unknown,91
Ether,1,Unknown,Unknown,653
Ether,1,Unknown,Unknown,82
Ether,1,Unknown,Unknown,340
Ether,1,Unknown,Unknown,66
Ether,1,Unknown,Unknown,86
Ether,1,Unknown,Unknown,87
Ether,1,Unknown,Unknown,135
Ether,1,Unknown,Unknown,77
Ether,1,Unknown,Unknown,78
Ether,1,Unknown,Unknown,134
Ether,1,Unknown,Unknown,70
Ether,1,Unknown,Unknown,725
Ether,1,Unknown,Unknown,111
Ether,1,Unknown,Unknown,70
Ether,1,Unknown,Unknown,66
Ether,1,Unknown,Unknown,74
Ether,1,Unknown,Unknown,74
Ether,1,Unknown,Unknown,66
Ether,1,Unknown,Unknown,64
Ether,1,Unknown,Unknown,64
Ether,1,Unknown,Unknown,71
Ether,1,Unknown,Unknown,87
Ether,1,Unknown,Unknown,95
Ether,1,Unknown,Unknown,93
Ether,1,Unknown,Unknown,87
Ether,1,Unknown,Unknown,88
Ether,1,Unknown,Unknown,86
Ether,1,Unknown,Unknown,111
Ether,1,Unknown,Unknown,109
Ether,1,Unknown,Unknown,700
Ether,1,Unknown,Unknown,60
Ether,1,Unknown,Unknown,60
Ether,1,Unknown,Unknown,60
Ether,1,Unknown,Unknown,60
Ether,1,Unknown,Unknown,66
Ether,1,Unknown,Unknown,132
Ether,1,Unknown,Unknown,711
Ether,1,Unknown,Unknown,71
Ether,1,Unknown,Unknown,66
Ether,1,Unknown,Unknown,517
Ether,1,Unknown,Unknown,137
Ether,1,Unknown,Unknown,119
Ether,1,Unknown,Unknown,78
Ether,1,Unknown,Unknown,78
Ether,1,Unknown,Unknown,78
Ether,1,Unknown,Unknown,78
Ether,1,Unknown,Unknown,70
Ether,1,Unknown,Unknown,78
Ether,1,Unknown,Unknown,70
Ether,1,Unknown,Unknown,78
Ether,1,Unknown,Unknown,70
Ether,1,Unknown,Unknown,78
Ether,1,Unknown,Unknown,70
Ether,1,Unknown,Unknown,78
Ether,1,Unknown,Unknown,70
Ether,1,Unknown,Unknown,88
Ether,1,Unknown,Unknown,68
Ether,1,Unknown,Unknown,70
Ether,1,Unknown,Unknown,70
Ether,1,Unknown,Unknown,70
Ether,1,Unknown,Unknown,78
Ether,1,Unknown,Unknown,68
Ether,1,Unknown,Unknown,60
Ether,1,Unknown,Unknown,70
Ether,1,Unknown,Unknown,66
Ether,1,Unknown,Unknown,78
Ether,1,Unknown,Unknown,78
Ether,1,Unknown,Unknown,78
Ether,1,Unknown,Unknown,70
Ether,1,Unknown,Unknown,78
Ether,1,Unknown,Unknown,70
Ether,1,Unknown,Unknown,78
Ether,1,Unknown,Unknown,70
Ether,1,Unknown,Unknown,78
Ether,1,Unknown,Unknown,70
Ether,1,Unknown,Unknown,70
Ether,1,Unknown,Unknown,70
Ether,1,Unknown,Unknown,68
Ether,1,Unknown,Unknown,60
Ether,1,Unknown,Unknown,68
Ether,1,Unknown,Unknown,60
Ether,1,Unknown,Unknown,1464
Ether,1,Unknown,Unknown,68
Ether,1,Unknown,Unknown,60
Ether,1,Unknown,Unknown,298
Ether,1,Unknown,Unknown,84
Ether,1,Unknown,Unknown,69
Ether,1,Unknown,Unknown,79
Ether,1,Unknown,Unknown,68
Ether,1,Unknown,Unknown,60
Ether,1,Unknown,Unknown,66
Ether,1,Unknown,Unknown,64
Ether,1,Unknown,Unknown,133
Ether,1,Unknown,Unknown,114
Ether,1,Unknown,Unknown,66
Ether,1,Unknown,Unknown,72
Ether,1,Unknown,Unknown,72
Ether,1,Unknown,Unknown,72
Ether,1,Unknown,Unknown,66
Ether,1,Unknown,Unknown,68
Ether,1,Unknown,Unknown,68
Ether,1,Unknown,Unknown,60
Ether,1,Unknown,Unknown,60
Ether,1,Unknown,Unknown,79
Ether,1,Unknown,Unknown,60
Ether,1,Unknown,Unknown,148
Ether,1,Unknown,Unknown,66
Ether,1,Unknown,Unknown,68
Ether,1,Unknown,Unknown,60
Ether,1,Unknown,Unknown,72
Ether,1,Unknown,Unknown,72
Ether,1,Unknown,Unknown,60
Ether,1,Unknown,Unknown,72
Ether,1,Unknown,Unknown,92
Ether,1,Unknown,Unknown,96
Ether,1,Unknown,Unknown,78
Ether,1,Unknown,Unknown,108
Ether,1,Unknown,Unknown,112
Ether,1,Unknown,Unknown,94
Ether,1,Unknown,Unknown,72
Ether,1,Unknown,Unknown,72
Ether,1,Unknown,Unknown,60
Ether,1,Unknown,Unknown,72
Ether,1,Unknown,Unknown,88
Ether,1,Unknown,Unknown,74
Ether,1,Unknown,Unknown,60
Ether,1,Unknown,Unknown,72
Ether,1,Unknown,Unknown,74
Ether,1,Unknown,Unknown,66
Ether,1,Unknown,Unknown,232
Ether,1,Unknown,Unknown,66
Ether,1,Unknown,Unknown,462
Ether,1,Unknown,Unknown,66
Ether,1,Unknown,Unknown,66
Ether,1,Unknown,Unknown,66
Ether,1,Unknown,Unknown,68
Ether,1,Unknown,Unknown,60
Ether,1,Unknown,Unknown,60
Ether,1,Unknown,Unknown,72
Ether,1,Unknown,Unknown,66
Ether,1,Unknown,Unknown,60
Ether,1,Unknown,Unknown,63
Ether,1,Unknown,Unknown,60
Ether,1,Unknown,Unknown,68
Ether,1,Unknown,Unknown,86
Ether,1,Unknown,Unknown,87
Ether,1,Unknown,Unknown,88
Ether,1,Unknown,Unknown,86
Ether,1,Unknown,Unknown,87
Ether,1,Unknown,Unknown,85
Ether,1,Unknown,Unknown,87
Ether,1,Unknown,Unknown,88
Ether,1,Unknown,Unknown,88
Ether,1,Unknown,Unknown,87
Ether,1,Unknown,Unknown,85
Ether,1,Unknown,Unknown,86
Ether,1,Unknown,Unknown,87
Ether,1,Unknown,Unknown,86
Ether,1,Unknown,Unknown,87
Ether,1,Unknown,Unknown,86
Ether,1,Unknown,Unknown,86
Ether,1,Unknown,Unknown,87
Ether,1,Unknown,Unknown,86
Ether,1,Unknown,Unknown,84
Ether,1,Unknown,Unknown,83
Ether,1,Unknown,Unknown,86
Ether,1,Unknown,Unknown,85
Ether,1,Unknown,Unknown,86
Ether,1,Unknown,Unknown,464
Ether,1,Unknown,Unknown,139
Ether,1,Unknown,Unknown,142
Ether,1,Unknown,Unknown,87
Ether,1,Unknown,Unknown,85
Ether,1,Unknown,Unknown,122
Ether,1,Unknown,Unknown,128
Ether,1,Unknown,Unknown,86
Ether,1,Unknown,Unknown,87
Ether,1,Unknown,Unknown,133
Ether,1,Unknown,Unknown,86
Ether,1,Unknown,Unknown,86
Ether,1,Unknown,Unknown,134
Ether,1,Unknown,Unknown,135
Ether,1,Unknown,Unknown,142
Ether,1,Unknown,Unknown,134
Ether,1,Unknown,Unknown,88
Ether,1,Unknown,Unknown,147
Ether,1,Unknown,Unknown,155
Ether,1,Unknown,Unknown,129
Ether,1,Unknown,Unknown,131
Ether,1,Unknown,Unknown,98
Ether,1,Unknown,Unknown,101
Ether,1,Unknown,Unknown,80
Ether,1,Unknown,Unknown,89
Ether,1,Unknown,Unknown,92
Ether,1,Unknown,Unknown,94
Ether,1,Unknown,Unknown,95
Ether,1,Unknown,Unknown,101
Ether,1,Unknown,Unknown,96
Ether,1,Unknown,Unknown,106
Ether,1,Unknown,Unknown,115
Ether,1,Unknown,Unknown,92
Ether,1,Unknown,Unknown,92
Ether,1,Unknown,Unknown,114
Ether,1,Unknown,Unknown,117
Ether,1,Unknown,Unknown,96
Ether,1,Unknown,Unknown,105
Ether,1,Unknown,Unknown,108
Ether,1,Unknown,Unknown,110
Ether,1,Unknown,Unknown,111
Ether,1,Unknown,Unknown,117
Ether,1,Unknown,Unknown,72
Ether,1,Unknown,Unknown,112
Ether,1,Unknown,Unknown,122
Ether,1,Unknown,Unknown,131
Ether,1,Unknown,Unknown,108
Ether,1,Unknown,Unknown,108
Ether,1,Unknown,Unknown,138
Ether,1,Unknown,Unknown,72
Ether,1,Unknown,Unknown,124
Ether,1,Unknown,Unknown,63
Ether,1,Unknown,Unknown,98
Ether,1,Unknown,Unknown,82
Ether,1,Unknown,Unknown,114
Ether,1,Unknown,Unknown,98
Ether,1,Unknown,Unknown,136
Ether,1,Unknown,Unknown,72
Ether,1,Unknown,Unknown,136
Ether,1,Unknown,Unknown,92
Ether,1,Unknown,Unknown,66
Ether,1,Unknown,Unknown,109
Ether,1,Unknown,Unknown,66
Ether,1,Unknown,Unknown,464
Ether,1,Unknown,Unknown,72
Ether,1,Unknown,Unknown,127
Ether,1,Unknown,Unknown,72
Ether,1,Unknown,Unknown,127
Ether,1,Unknown,Unknown,72
Ether,1,Unknown,Unknown,96
Ether,1,Unknown,Unknown,112
Ether,1,Unknown,Unknown,66
Ether,1,Unknown,Unknown,63
Ether,1,Unknown,Unknown,464
Ether,1,Unknown,Unknown,108
Ether,1,Unknown,Unknown,66
Ether,1,Unknown,Unknown,267
Ether,1,Unknown,Unknown,66
Ether,1,Unknown,Unknown,231
Ether,1,Unknown,Unknown,66
Ether,1,Unknown,Unknown,88
Ether,1,Unknown,Unknown,135
Ether,1,Unknown,Unknown,93
Ether,1,Unknown,Unknown,109
Ether,1,Unknown,Unknown,63
Ether,1,Unknown,Unknown,118
Ether,1,Unknown,Unknown,72
Ether,1,Unknown,Unknown,72
Ether,1,Unknown,Unknown,72
Ether,1,Unknown,Unknown,60
Ether,1,Unknown,Unknown,60
Ether,1,Unknown,Unknown,72
Ether,1,Unknown,Unknown,72
Ether,1,Unknown,Unknown,60
Ether,1,Unknown,Unknown,72
Ether,1,Unknown,Unknown,60
Ether,1,Unknown,Unknown,72
Ether,1,Unknown,Unknown,60
Ether,1,Unknown,Unknown,60
Ether,1,Unknown,Unknown,60
Ether,1,Unknown,Unknown,388
Ether,1,Unknown,Unknown,388
Ether,1,Unknown,Unknown,388
Ether,1,Unknown,Unknown,388
Ether,1,Unknown,Unknown,388
Ether,1,Unknown,Unknown,388
Ether,1,Unknown,Unknown,388
Ether,1,Unknown,Unknown,388
Ether,1,Unknown,Unknown,60
Ether,1,Unknown,Unknown,60
Ether,1,Unknown,Unknown,60
Ether,1,Unknown,Unknown,60
Ether,1,Unknown,Unknown,60
Ether,1,Unknown,Unknown,60
Ether,1,Unknown,Unknown,60
Ether,1,Unknown,Unknown,60
Ether,1,Unknown,Unknown,63
Ether,1,Unknown,Unknown,53
Ether,1,Unknown,Unknown,69
Ether,1,Unknown,Unknown,86
Ether,1,Unknown,Unknown,86
Ether,1,Unknown,Unknown,86
Ether,1,Unknown,Unknown,87
Ether,1,Unknown,Unknown,87
Ether,1,Unknown,Unknown,87
Ether,1,Unknown,Unknown,85
Ether,1,Unknown,Unknown,86
Ether,1,Unknown,Unknown,64
Ether,1,Unknown,Unknown,74
Ether,1,Unknown,Unknown,74
Ether,1,Unknown,Unknown,66
Ether,1,Unknown,Unknown,71
Ether,1,Unknown,Unknown,141
Ether,1,Unknown,Unknown,86
Ether,1,Unknown,Unknown,66
Ether,1,Unknown,Unknown,135
Ether,1,Unknown,Unknown,136
Ether,1,Unknown,Unknown,120
Ether,1,Unknown,Unknown,134
Ether,1,Unknown,Unknown,137
Ether,1,Unknown,Unknown,71
Ether,1,Unknown,Unknown,66
Ether,1,Unknown,Unknown,326
Ether,1,Unknown,Unknown,131
Ether,1,Unknown,Unknown,66
Ether,1,Unknown,Unknown,82
Ether,1,Unknown,Unknown,66
Ether,1,Unknown,Unknown,134
Ether,1,Unknown,Unknown,66
Ether,1,Unknown,Unknown,91
Ether,1,Unknown,Unknown,66
Ether,1,Unknown,Unknown,87
Ether,1,Unknown,Unknown,66
Ether,1,Unknown,Unknown,100
Ether,1,Unknown,Unknown,95
Ether,1,Unknown,Unknown,96
Ether,1,Unknown,Unknown,81
Ether,1,Unknown,Unknown,93
Ether,1,Unknown,Unknown,96
Ether,1,Unknown,Unknown,91
Ether,1,Unknown,Unknown,116
Ether,1,Unknown,Unknown,111
Ether,1,Unknown,Unknown,112
Ether,1,Unknown,Unknown,97
Ether,1,Unknown,Unknown,109
Ether,1,Unknown,Unknown,112
Ether,1,Unknown,Unknown,107
Ether,1,Unknown,Unknown,110
Ether,1,Unknown,Unknown,66
Ether,1,Unknown,Unknown,92
Ether,1,Unknown,Unknown,66
Ether,1,Unknown,Unknown,91
Ether,1,Unknown,Unknown,66
Ether,1,Unknown,Unknown,90
Ether,1,Unknown,Unknown,91
Ether,1,Unknown,Unknown,66
Ether,1,Unknown,Unknown,66
Ether,1,Unknown,Unknown,109
Ether,1,Unknown,Unknown,66
Ether,1,Unknown,Unknown,168
Ether,1,Unknown,Unknown,66
Ether,1,Unknown,Unknown,60
Ether,1,Unknown,Unknown,82
Ether,1,Unknown,Unknown,117
Ether,1,Unknown,Unknown,81
Ether,1,Unknown,Unknown,97
Ether,1,Unknown,Unknown,96
Ether,1,Unknown,Unknown,112
Ether,1,Unknown,Unknown,66
Ether,1,Unknown,Unknown,93
Ether,1,Unknown,Unknown,66
Ether,1,Unknown,Unknown,90
Ether,1,Unknown,Unknown,66
Ether,1,Unknown,Unknown,107
Ether,1,Unknown,Unknown,66
Ether,1,Unknown,Unknown,66
Ether,1,Unknown,Unknown,66
Ether,1,Unknown,Unknown,66
Ether,1,Unknown,Unknown,66
Ether,1,Unknown,Unknown,82
Ether,1,Unknown,Unknown,1090
Ether,1,Unknown,Unknown,66
Ether,1,Unknown,Unknown,1152
Ether,1,Unknown,Unknown,66
Ether,1,Unknown,Unknown,109
Ether,1,Unknown,Unknown,66
Ether,1,Unknown,Unknown,109
Ether,1,Unknown,Unknown,78
Ether,1,Unknown,Unknown,156
Ether,1,Unknown,Unknown,66
Ether,1,Unknown,Unknown,111
Ether,1,Unknown,Unknown,66
Ether,1,Unknown,Unknown,158
Ether,1,Unknown,Unknown,66
Ether,1,Unknown,Unknown,110
Ether,1,Unknown,Unknown,66
Ether,1,Unknown,Unknown,203
Ether,1,Unknown,Unknown,66
Ether,1,Unknown,Unknown,388
Ether,1,Unknown,Unknown,388
Ether,1,Unknown,Unknown,388
Ether,1,Unknown,Unknown,388
Ether,1,Unknown,Unknown,388
Ether,1,Unknown,Unknown,388
Ether,1,Unknown,Unknown,388
Ether,1,Unknown,Unknown,388
Ether,1,Unknown,Unknown,79
Ether,1,Unknown,Unknown,60
Ether,1,Unknown,Unknown,60
Ether,1,Unknown,Unknown,60
Ether,1,Unknown,Unknown,60
Ether,1,Unknown,Unknown,60
Ether,1,Unknown,Unknown,60
Ether,1,Unknown,Unknown,60
Ether,1,Unknown,Unknown,114
Ether,1,Unknown,Unknown,66
Ether,1,Unknown,Unknown,388
Ether,1,Unknown,Unknown,388
Ether,1,Unknown,Unknown,388
Ether,1,Unknown,Unknown,388
Ether,1,Unknown,Unknown,60
Ether,1,Unknown,Unknown,60
Ether,1,Unknown,Unknown,60
Ether,1,Unknown,Unknown,60
Ether,1,Unknown,Unknown,60
Ether,1,Unknown,Unknown,42
Ether,1,Unknown,Unknown,60
Ether,1,Unknown,Unknown,66
Ether,1,Unknown,Unknown,66
Ether,1,Unknown,Unknown,66
Ether,1,Unknown,Unknown,96
Ether,1,Unknown,Unknown,112
Ether,1,Unknown,Unknown,66
Ether,1,Unknown,Unknown,85
Ether,1,Unknown,Unknown,86
Ether,1,Unknown,Unknown,86
Ether,1,Unknown,Unknown,85
Ether,1,Unknown,Unknown,130
Ether,1,Unknown,Unknown,133
Ether,1,Unknown,Unknown,133
Ether,1,Unknown,Unknown,152
Ether,1,Unknown,Unknown,91
Ether,1,Unknown,Unknown,93
Ether,1,Unknown,Unknown,94
Ether,1,Unknown,Unknown,112
Ether,1,Unknown,Unknown,107
Ether,1,Unknown,Unknown,109
Ether,1,Unknown,Unknown,110
Ether,1,Unknown,Unknown,128
Ether,1,Unknown,Unknown,135
Ether,1,Unknown,Unknown,66
Ether,1,Unknown,Unknown,91
Ether,1,Unknown,Unknown,66
Ether,1,Unknown,Unknown,91
Ether,1,Unknown,Unknown,66
Ether,1,Unknown,Unknown,164
Ether,1,Unknown,Unknown,66
Ether,1,Unknown,Unknown,109
Ether,1,Unknown,Unknown,66
Ether,1,Unknown,Unknown,78
Ether,1,Unknown,Unknown,1090
Ether,1,Unknown,Unknown,66
Ether,1,Unknown,Unknown,1514
Ether,1,Unknown,Unknown,66
Ether,1,Unknown,Unknown,1514
Ether,1,Unknown,Unknown,66
Ether,1,Unknown,Unknown,1514
Ether,1,Unknown,Unknown,66
Ether,1,Unknown,Unknown,1514
Ether,1,Unknown,Unknown,66
Ether,1,Unknown,Unknown,1514
Ether,1,Unknown,Unknown,66
Ether,1,Unknown,Unknown,1514
Ether,1,Unknown,Unknown,66
Ether,1,Unknown,Unknown,1514
Ether,1,Unknown,Unknown,66
Ether,1,Unknown,Unknown,1514
Ether,1,Unknown,Unknown,66
Ether,1,Unknown,Unknown,1514
Ether,1,Unknown,Unknown,66
Ether,1,Unknown,Unknown,1514
Ether,1,Unknown,Unknown,66
Ether,1,Unknown,Unknown,1514
Ether,1,Unknown,Unknown,66
Ether,1,Unknown,Unknown,1514
Ether,1,Unknown,Unknown,66
Ether,1,Unknown,Unknown,1514
Ether,1,Unknown,Unknown,66
Ether,1,Unknown,Unknown,1514
Ether,1,Unknown,Unknown,66
Ether,1,Unknown,Unknown,737
Ether,1,Unknown,Unknown,66
Ether,1,Unknown,Unknown,74
Ether,1,Unknown,Unknown,74
Ether,1,Unknown,Unknown,66
Ether,1,Unknown,Unknown,71
Ether,1,Unknown,Unknown,66
Ether,1,Unknown,Unknown,71
Ether,1,Unknown,Unknown,66
Ether,1,Unknown,Unknown,323
Ether,1,Unknown,Unknown,66
Ether,1,Unknown,Unknown,82
Ether,1,Unknown,Unknown,66
Ether,1,Unknown,Unknown,90
Ether,1,Unknown,Unknown,66
Ether,1,Unknown,Unknown,108
Ether,1,Unknown,Unknown,66
Ether,1,Unknown,Unknown,32
Ether,1,Unknown,Unknown,123
Ether,1,Unknown,Unknown,62
Ether,1,Unknown,Unknown,53
Ether,1,Unknown,Unknown,97
Ether,1,Unknown,Unknown,66
Ether,1,Unknown,Unknown,66
Ether,1,Unknown,Unknown,66
Ether,1,Unknown,Unknown,66
Ether,1,Unknown,Unknown,87
Ether,1,Unknown,Unknown,66
Ether,1,Unknown,Unknown,84
Ether,1,Unknown,Unknown,66
Ether,1,Unknown,Unknown,86
Ether,1,Unknown,Unknown,86
Ether,1,Unknown,Unknown,60
Ether,1,Unknown,Unknown,83
Ether,1,Unknown,Unknown,54
Ether,1,Unknown,Unknown,68
Ether,1,Unknown,Unknown,66
Ether,1,Unknown,Unknown,58
Ether,1,Unknown,Unknown,60
Ether,1,Unknown,Unknown,54
Ether,1,Unknown,Unknown,60
Ether,1,Unknown,Unknown,60
Ether,1,Unknown,Unknown,93
Ether,1,Unknown,Unknown,66
Ether,1,Unknown,Unknown,90
Ether,1,Unknown,Unknown,66
Ether,1,Unknown,Unknown,108
Ether,1,Unknown,Unknown,66
Ether,1,Unknown,Unknown,96
Ether,1,Unknown,Unknown,112
Ether,1,Unknown,Unknown,66
Ether,1,Unknown,Unknown,106
Ether,1,Unknown,Unknown,66
Ether,1,Unknown,Unknown,93
Ether,1,Unknown,Unknown,66
Ether,1,Unknown,Unknown,90
Ether,1,Unknown,Unknown,173
Ether,1,Unknown,Unknown,66
Ether,1,Unknown,Unknown,66
Ether,1,Unknown,Unknown,70
Ether,1,Unknown,Unknown,82
Ether,1,Unknown,Unknown,70
Ether,1,Unknown,Unknown,70
Ether,1,Unknown,Unknown,66
Ether,1,Unknown,Unknown,107
Ether,1,Unknown,Unknown,66
Ether,1,Unknown,Unknown,154
Ether,1,Unknown,Unknown,66
Ether,1,Unknown,Unknown,112
Ether,1,Unknown,Unknown,66
Ether,1,Unknown,Unknown,91
Ether,1,Unknown,Unknown,66
Ether,1,Unknown,Unknown,91
Ether,1,Unknown,Unknown,66
Ether,1,Unknown,Unknown,67
Ether,1,Unknown,Unknown,67
Ether,1,Unknown,Unknown,67
Ether,1,Unknown,Unknown,96
Ether,1,Unknown,Unknown,66
Ether,1,Unknown,Unknown,112
Ether,1,Unknown,Unknown,66
Ether,1,Unknown,Unknown,67
Ether,1,Unknown,Unknown,60
Ether,1,Unknown,Unknown,68
Ether,1,Unknown,Unknown,106
Ether,1,Unknown,Unknown,66
Ether,1,Unknown,Unknown,66
Ether,1,Unknown,Unknown,66
Ether,1,Unknown,Unknown,66
Ether,1,Unknown,Unknown,66
Ether,1,Unknown,Unknown,66
Ether,1,Unknown,Unknown,74
Ether,1,Unknown,Unknown,74
Ether,1,Unknown,Unknown,74
Ether,1,Unknown,Unknown,74
Ether,1,Unknown,Unknown,74
Ether,1,Unknown,Unknown,74
Ether,1,Unknown,Unknown,74
Ether,1,Unknown,Unknown,74
Ether,1,Unknown,Unknown,74
Ether,1,Unknown,Unknown,74
Ether,1,Unknown,Unknown,78
Ether,1,Unknown,Unknown,66
Ether,1,Unknown,Unknown,72
Ether,1,Unknown,Unknown,78
Ether,1,Unknown,Unknown,66
Ether,1,Unknown,Unknown,72
Ether,1,Unknown,Unknown,78
Ether,1,Unknown,Unknown,66
Ether,1,Unknown,Unknown,72
Ether,1,Unknown,Unknown,78
Ether,1,Unknown,Unknown,66
Ether,1,Unknown,Unknown,72
Ether,1,Unknown,Unknown,66
Ether,1,Unknown,Unknown,87
Ether,1,Unknown,Unknown,60
Ether,1,Unknown,Unknown,74
Ether,1,Unknown,Unknown,204
Ether,1,Unknown,Unknown,66
Ether,1,Unknown,Unknown,66
Ether,1,Unknown,Unknown,66
Ether,1,Unknown,Unknown,66
Ether,1,Unknown,Unknown,125
Ether,1,Unknown,Unknown,204
Ether,1,Unknown,Unknown,54
Ether,1,Unknown,Unknown,135
Ether,1,Unknown,Unknown,66
Ether,1,Unknown,Unknown,66
Ether,1,Unknown,Unknown,54
Ether,1,Unknown,Unknown,66
Ether,1,Unknown,Unknown,54
Ether,1,Unknown,Unknown,66
Ether,1,Unknown,Unknown,54
Ether,1,Unknown,Unknown,66
Ether,1,Unknown,Unknown,66
Ether,1,Unknown,Unknown,54
Ether,1,Unknown,Unknown,81
Ether,1,Unknown,Unknown,67
Ether,1,Unknown,Unknown,66
Ether,1,Unknown,Unknown,78
Ether,1,Unknown,Unknown,54
Ether,1,Unknown,Unknown,78
Ether,1,Unknown,Unknown,54
Ether,1,Unknown,Unknown,97
Ether,1,Unknown,Unknown,66
Ether,1,Unknown,Unknown,78
Ether,1,Unknown,Unknown,54
Ether,1,Unknown,Unknown,204
Ether,1,Unknown,Unknown,54
Ether,1,Unknown,Unknown,87
Ether,1,Unknown,Unknown,94
Ether,1,Unknown,Unknown,86
Ether,1,Unknown,Unknown,86
Ether,1,Unknown,Unknown,86
Ether,1,Unknown,Unknown,85
Ether,1,Unknown,Unknown,86
Ether,1,Unknown,Unknown,85
Ether,1,Unknown,Unknown,88
Ether,1,Unknown,Unknown,87
Ether,1,Unknown,Unknown,86
Ether,1,Unknown,Unknown,110
Ether,1,Unknown,Unknown,133
Ether,1,Unknown,Unknown,86
Ether,1,Unknown,Unknown,128
Ether,1,Unknown,Unknown,143
Ether,1,Unknown,Unknown,78
Ether,1,Unknown,Unknown,54
Ether,1,Unknown,Unknown,126
Ether,1,Unknown,Unknown,78
Ether,1,Unknown,Unknown,54
Ether,1,Unknown,Unknown,130
Ether,1,Unknown,Unknown,117
Ether,1,Unknown,Unknown,127
Ether,1,Unknown,Unknown,130
Ether,1,Unknown,Unknown,110
Ether,1,Unknown,Unknown,78
Ether,1,Unknown,Unknown,54
Ether,1,Unknown,Unknown,62
Ether,1,Unknown,Unknown,62
Ether,1,Unknown,Unknown,78
Ether,1,Unknown,Unknown,54
Ether,1,Unknown,Unknown,86
Ether,1,Unknown,Unknown,92
Ether,1,Unknown,Unknown,89
Ether,1,Unknown,Unknown,103
Ether,1,Unknown,Unknown,84
Ether,1,Unknown,Unknown,91
Ether,1,Unknown,Unknown,77
Ether,1,Unknown,Unknown,87
Ether,1,Unknown,Unknown,90
Ether,1,Unknown,Unknown,69
Ether,1,Unknown,Unknown,108
Ether,1,Unknown,Unknown,105
Ether,1,Unknown,Unknown,119
Ether,1,Unknown,Unknown,100
Ether,1,Unknown,Unknown,107
Ether,1,Unknown,Unknown,93
Ether,1,Unknown,Unknown,103
Ether,1,Unknown,Unknown,106
Ether,1,Unknown,Unknown,85
Ether,1,Unknown,Unknown,147
Ether,1,Unknown,Unknown,107
Ether,1,Unknown,Unknown,123
Ether,1,Unknown,Unknown,60
Ether,1,Unknown,Unknown,85
Ether,1,Unknown,Unknown,60
Ether,1,Unknown,Unknown,54
Ether,1,Unknown,Unknown,85
Ether,1,Unknown,Unknown,72
Ether,1,Unknown,Unknown,66
Ether,1,Unknown,Unknown,109
Ether,1,Unknown,Unknown,66
Ether,1,Unknown,Unknown,60
Ether,1,Unknown,Unknown,151
Ether,1,Unknown,Unknown,66
Ether,1,Unknown,Unknown,86
Ether,1,Unknown,Unknown,135
Ether,1,Unknown,Unknown,67
Ether,1,Unknown,Unknown,132
Ether,1,Unknown,Unknown,66
Ether,1,Unknown,Unknown,95
Ether,1,Unknown,Unknown,111
Ether,1,Unknown,Unknown,100
Ether,1,Unknown,Unknown,66
Ether,1,Unknown,Unknown,217
Ether,1,Unknown,Unknown,66
Ether,1,Unknown,Unknown,66
Ether,1,Unknown,Unknown,74
Ether,1,Unknown,Unknown,74
Ether,1,Unknown,Unknown,74
Ether,1,Unknown,Unknown,74
Ether,1,Unknown,Unknown,74
Ether,1,Unknown,Unknown,54
Ether,1,Unknown,Unknown,54
Ether,1,Unknown,Unknown,54
Ether,1,Unknown,Unknown,54
Ether,1,Unknown,Unknown,54
Ether,1,Unknown,Unknown,54
Ether,1,Unknown,Unknown,54
Ether,1,Unknown,Unknown,54
Ether,1,Unknown,Unknown,54
Ether,1,Unknown,Unknown,54
Ether,1,Unknown,Unknown,78
Ether,1,Unknown,Unknown,66
Ether,1,Unknown,Unknown,78
Ether,1,Unknown,Unknown,78
Ether,1,Unknown,Unknown,66
Ether,1,Unknown,Unknown,78
Ether,1,Unknown,Unknown,66
Ether,1,Unknown,Unknown,78
Ether,1,Unknown,Unknown,78
Ether,1,Unknown,Unknown,60
Ether,1,Unknown,Unknown,60
Ether,1,Unknown,Unknown,78
Ether,1,Unknown,Unknown,66
Ether,1,Unknown,Unknown,78
Ether,1,Unknown,Unknown,60
Ether,1,Unknown,Unknown,74
Ether,1,Unknown,Unknown,60
Ether,1,Unknown,Unknown,60
Ether,1,Unknown,Unknown,60
Ether,1,Unknown,Unknown,74
Ether,1,Unknown,Unknown,60
Ether,1,Unknown,Unknown,60
Ether,1,Unknown,Unknown,60
Ether,1,Unknown,Unknown,60
Ether,1,Unknown,Unknown,74
Ether,1,Unknown,Unknown,60
Ether,1,Unknown,Unknown,74
Ether,1,Unknown,Unknown,60
Ether,1,Unknown,Unknown,78
Ether,1,Unknown,Unknown,66
Ether,1,Unknown,Unknown,63
Ether,1,Unknown,Unknown,78
Ether,1,Unknown,Unknown,60
Ether,1,Unknown,Unknown,74
Ether,1,Unknown,Unknown,60
Ether,1,Unknown,Unknown,42
Ether,1,Unknown,Unknown,78
Ether,1,Unknown,Unknown,66
Ether,1,Unknown,Unknown,78
Ether,1,Unknown,Unknown,60
Ether,1,Unknown,Unknown,74
Ether,1,Unknown,Unknown,60
Ether,1,Unknown,Unknown,78
Ether,1,Unknown,Unknown,66
Ether,1,Unknown,Unknown,78
Ether,1,Unknown,Unknown,60
Ether,1,Unknown,Unknown,74
Ether,1,Unknown,Unknown,60
Ether,1,Unknown,Unknown,74
Ether,1,Unknown,Unknown,80
Ether,1,Unknown,Unknown,66
Ether,1,Unknown,Unknown,72
Ether,1,Unknown,Unknown,63
Ether,1,Unknown,Unknown,1514
Ether,1,Unknown,Unknown,85
Ether,1,Unknown,Unknown,223
Ether,1,Unknown,Unknown,66
Ether,1,Unknown,Unknown,66
Ether,1,Unknown,Unknown,74
Ether,1,Unknown,Unknown,78
Ether,1,Unknown,Unknown,66
Ether,1,Unknown,Unknown,78
Ether,1,Unknown,Unknown,78
Ether,1,Unknown,Unknown,66
Ether,1,Unknown,Unknown,78
Ether,1,Unknown,Unknown,177
Ether,1,Unknown,Unknown,66
Ether,1,Unknown,Unknown,60
Ether,1,Unknown,Unknown,60
Ether,1,Unknown,Unknown,74
Ether,1,Unknown,Unknown,60
Ether,1,Unknown,Unknown,86
Ether,1,Unknown,Unknown,85
Ether,1,Unknown,Unknown,86
Ether,1,Unknown,Unknown,87
Ether,1,Unknown,Unknown,86
Ether,1,Unknown,Unknown,86
Ether,1,Unknown,Unknown,86
Ether,1,Unknown,Unknown,84
Ether,1,Unknown,Unknown,85
Ether,1,Unknown,Unknown,85
Ether,1,Unknown,Unknown,84
Ether,1,Unknown,Unknown,84
Ether,1,Unknown,Unknown,85
Ether,1,Unknown,Unknown,86
Ether,1,Unknown,Unknown,85
Ether,1,Unknown,Unknown,85
Ether,1,Unknown,Unknown,60
Ether,1,Unknown,Unknown,74
Ether,1,Unknown,Unknown,78
Ether,1,Unknown,Unknown,66
Ether,1,Unknown,Unknown,78
Ether,1,Unknown,Unknown,145
Ether,1,Unknown,Unknown,129
Ether,1,Unknown,Unknown,131
Ether,1,Unknown,Unknown,131
Ether,1,Unknown,Unknown,129
Ether,1,Unknown,Unknown,129
Ether,1,Unknown,Unknown,129
Ether,1,Unknown,Unknown,133
Ether,1,Unknown,Unknown,170
Ether,1,Unknown,Unknown,63
Ether,1,Unknown,Unknown,78
Ether,1,Unknown,Unknown,66
Ether,1,Unknown,Unknown,78
Ether,1,Unknown,Unknown,60
Ether,1,Unknown,Unknown,74
Ether,1,Unknown,Unknown,60
Ether,1,Unknown,Unknown,129
Ether,1,Unknown,Unknown,129
Ether,1,Unknown,Unknown,133
Ether,1,Unknown,Unknown,133
Ether,1,Unknown,Unknown,132
Ether,1,Unknown,Unknown,134
Ether,1,Unknown,Unknown,78
Ether,1,Unknown,Unknown,66
Ether,1,Unknown,Unknown,143
Ether,1,Unknown,Unknown,78
Ether,1,Unknown,Unknown,60
Ether,1,Unknown,Unknown,60
Ether,1,Unknown,Unknown,74
Ether,1,Unknown,Unknown,60
Ether,1,Unknown,Unknown,74
Ether,1,Unknown,Unknown,60
Ether,1,Unknown,Unknown,78
Ether,1,Unknown,Unknown,66
Ether,1,Unknown,Unknown,78
Ether,1,Unknown,Unknown,60
Ether,1,Unknown,Unknown,74
Ether,1,Unknown,Unknown,60
Ether,1,Unknown,Unknown,106
Ether,1,Unknown,Unknown,89
Ether,1,Unknown,Unknown,92
Ether,1,Unknown,Unknown,90
Ether,1,Unknown,Unknown,89
Ether,1,Unknown,Unknown,89
Ether,1,Unknown,Unknown,89
Ether,1,Unknown,Unknown,93
Ether,1,Unknown,Unknown,94
Ether,1,Unknown,Unknown,94
Ether,1,Unknown,Unknown,90
Ether,1,Unknown,Unknown,91
Ether,1,Unknown,Unknown,93
Ether,1,Unknown,Unknown,94
Ether,1,Unknown,Unknown,93
Ether,1,Unknown,Unknown,96
Ether,1,Unknown,Unknown,105
Ether,1,Unknown,Unknown,122
Ether,1,Unknown,Unknown,105
Ether,1,Unknown,Unknown,108
Ether,1,Unknown,Unknown,106
Ether,1,Unknown,Unknown,78
Ether,1,Unknown,Unknown,66
Ether,1,Unknown,Unknown,78
Ether,1,Unknown,Unknown,105
Ether,1,Unknown,Unknown,105
Ether,1,Unknown,Unknown,105
Ether,1,Unknown,Unknown,109
Ether,1,Unknown,Unknown,110
Ether,1,Unknown,Unknown,106
Ether,1,Unknown,Unknown,107
Ether,1,Unknown,Unknown,109
Ether,1,Unknown,Unknown,110
Ether,1,Unknown,Unknown,109
Ether,1,Unknown,Unknown,112
Ether,1,Unknown,Unknown,121
Ether,1,Unknown,Unknown,60
Ether,1,Unknown,Unknown,74
Ether,1,Unknown,Unknown,78
Ether,1,Unknown,Unknown,80
Ether,1,Unknown,Unknown,66
Ether,1,Unknown,Unknown,72
Ether,1,Unknown,Unknown,110
Ether,1,Unknown,Unknown,60
Ether,1,Unknown,Unknown,60
Ether,1,Unknown,Unknown,74
Ether,1,Unknown,Unknown,78
Ether,1,Unknown,Unknown,66
Ether,1,Unknown,Unknown,78
Ether,1,Unknown,Unknown,78
Ether,1,Unknown,Unknown,66
Ether,1,Unknown,Unknown,78
Ether,1,Unknown,Unknown,60
Ether,1,Unknown,Unknown,74
Ether,1,Unknown,Unknown,60
Ether,1,Unknown,Unknown,139
Ether,1,Unknown,Unknown,66
Ether,1,Unknown,Unknown,60
Ether,1,Unknown,Unknown,74
Ether,1,Unknown,Unknown,60
Ether,1,Unknown,Unknown,66
Ether,1,Unknown,Unknown,87
Ether,1,Unknown,Unknown,86
Ether,1,Unknown,Unknown,84
Ether,1,Unknown,Unknown,87
Ether,1,Unknown,Unknown,88
Ether,1,Unknown,Unknown,86
Ether,1,Unknown,Unknown,137
Ether,1,Unknown,Unknown,131
Ether,1,Unknown,Unknown,137
Ether,1,Unknown,Unknown,122
Ether,1,Unknown,Unknown,86
Ether,1,Unknown,Unknown,129
Ether,1,Unknown,Unknown,108
Ether,1,Unknown,Unknown,66
Ether,1,Unknown,Unknown,96
Ether,1,Unknown,Unknown,112
Ether,1,Unknown,Unknown,66
Ether,1,Unknown,Unknown,74
Ether,1,Unknown,Unknown,86
Ether,1,Unknown,Unknown,96
Ether,1,Unknown,Unknown,93
Ether,1,Unknown,Unknown,96
Ether,1,Unknown,Unknown,80
Ether,1,Unknown,Unknown,89
Ether,1,Unknown,Unknown,86
Ether,1,Unknown,Unknown,87
Ether,1,Unknown,Unknown,87
Ether,1,Unknown,Unknown,112
Ether,1,Unknown,Unknown,109
Ether,1,Unknown,Unknown,112
Ether,1,Unknown,Unknown,74
Ether,1,Unknown,Unknown,96
Ether,1,Unknown,Unknown,105
Ether,1,Unknown,Unknown,138
Ether,1,Unknown,Unknown,135
Ether,1,Unknown,Unknown,135
Ether,1,Unknown,Unknown,131
Ether,1,Unknown,Unknown,72
Ether,1,Unknown,Unknown,97
Ether,1,Unknown,Unknown,95
Ether,1,Unknown,Unknown,95
Ether,1,Unknown,Unknown,90
Ether,1,Unknown,Unknown,113
Ether,1,Unknown,Unknown,111
Ether,1,Unknown,Unknown,111
Ether,1,Unknown,Unknown,106
Ether,1,Unknown,Unknown,93
Ether,1,Unknown,Unknown,66
Ether,1,Unknown,Unknown,1514
Ether,1,Unknown,Unknown,85
Ether,1,Unknown,Unknown,90
Ether,1,Unknown,Unknown,74
Ether,1,Unknown,Unknown,74
Ether,1,Unknown,Unknown,223
Ether,1,Unknown,Unknown,66
Ether,1,Unknown,Unknown,66
Ether,1,Unknown,Unknown,62
Ether,1,Unknown,Unknown,54
Ether,1,Unknown,Unknown,85
Ether,1,Unknown,Unknown,145
Ether,1,Unknown,Unknown,74
Ether,1,Unknown,Unknown,74
Ether,1,Unknown,Unknown,106
Ether,1,Unknown,Unknown,122
Ether,1,Unknown,Unknown,213
Ether,1,Unknown,Unknown,66
Ether,1,Unknown,Unknown,91
Ether,1,Unknown,Unknown,66
Ether,1,Unknown,Unknown,74
Ether,1,Unknown,Unknown,74
Ether,1,Unknown,Unknown,91
Ether,1,Unknown,Unknown,66
Ether,1,Unknown,Unknown,110
Ether,1,Unknown,Unknown,66
Ether,1,Unknown,Unknown,32
Ether,1,Unknown,Unknown,219
Ether,1,Unknown,Unknown,66
Ether,1,Unknown,Unknown,75
Ether,1,Unknown,Unknown,67
Ether,1,Unknown,Unknown,66
Ether,1,Unknown,Unknown,95
Ether,1,Unknown,Unknown,93
Ether,1,Unknown,Unknown,66
Ether,1,Unknown,Unknown,90
Ether,1,Unknown,Unknown,102
Ether,1,Unknown,Unknown,66
Ether,1,Unknown,Unknown,74
Ether,1,Unknown,Unknown,70
Ether,1,Unknown,Unknown,66
Ether,1,Unknown,Unknown,78
Ether,1,Unknown,Unknown,66
Ether,1,Unknown,Unknown,78
Ether,1,Unknown,Unknown,60
Ether,1,Unknown,Unknown,60
Ether,1,Unknown,Unknown,107
Ether,1,Unknown,Unknown,66
Ether,1,Unknown,Unknown,79
Ether,1,Unknown,Unknown,114
Ether,1,Unknown,Unknown,66
Ether,1,Unknown,Unknown,89
Ether,1,Unknown,Unknown,89
Ether,1,Unknown,Unknown,89
Ether,1,Unknown,Unknown,1397
Ether,1,Unknown,Unknown,1397
Ether,1,Unknown,Unknown,1397
Ether,1,Unknown,Unknown,1397
Ether,1,Unknown,Unknown,1397
Ether,1,Unknown,Unknown,1397
Ether,1,Unknown,Unknown,1397
Ether,1,Unknown,Unknown,1397
Ether,1,Unknown,Unknown,1397
Ether,1,Unknown,Unknown,1397
Ether,1,Unknown,Unknown,1397
Ether,1,Unknown,Unknown,1397
Ether,1,Unknown,Unknown,95
Ether,1,Unknown,Unknown,1397
Ether,1,Unknown,Unknown,1397
Ether,1,Unknown,Unknown,1397
Ether,1,Unknown,Unknown,1397
Ether,1,Unknown,Unknown,1397
Ether,1,Unknown,Unknown,1397
Ether,1,Unknown,Unknown,1397
Ether,1,Unknown,Unknown,1397
Ether,1,Unknown,Unknown,1397
Ether,1,Unknown,Unknown,1287
Ether,1,Unknown,Unknown,1397
Ether,1,Unknown,Unknown,810
Ether,1,Unknown,Unknown,1397
Ether,1,Unknown,Unknown,1397
Ether,1,Unknown,Unknown,1397
Ether,1,Unknown,Unknown,1397
Ether,1,Unknown,Unknown,1397
Ether,1,Unknown,Unknown,1397
Ether,1,Unknown,Unknown,1397
Ether,1,Unknown,Unknown,1397
Ether,1,Unknown,Unknown,1397
Ether,1,Unknown,Unknown,1397
Ether,1,Unknown,Unknown,1139
Ether,1,Unknown,Unknown,1397
Ether,1,Unknown,Unknown,1397
Ether,1,Unknown,Unknown,1397
Ether,1,Unknown,Unknown,82
Ether,1,Unknown,Unknown,1397
Ether,1,Unknown,Unknown,921
Ether,1,Unknown,Unknown,1397
Ether,1,Unknown,Unknown,1397
Ether,1,Unknown,Unknown,1397
Ether,1,Unknown,Unknown,1397
Ether,1,Unknown,Unknown,1090
Ether,1,Unknown,Unknown,66
Ether,1,Unknown,Unknown,1397
Ether,1,Unknown,Unknown,1397
Ether,1,Unknown,Unknown,1397
Ether,1,Unknown,Unknown,1152
Ether,1,Unknown,Unknown,66
Ether,1,Unknown,Unknown,1397
Ether,1,Unknown,Unknown,1397
Ether,1,Unknown,Unknown,1397
Ether,1,Unknown,Unknown,983
Ether,1,Unknown,Unknown,66
Ether,1,Unknown,Unknown,1397
Ether,1,Unknown,Unknown,1397
Ether,1,Unknown,Unknown,634
Ether,1,Unknown,Unknown,147
Ether,1,Unknown,Unknown,66
Ether,1,Unknown,Unknown,86
Ether,1,Unknown,Unknown,84
Ether,1,Unknown,Unknown,86
Ether,1,Unknown,Unknown,137
Ether,1,Unknown,Unknown,134
Ether,1,Unknown,Unknown,135
Ether,1,Unknown,Unknown,97
Ether,1,Unknown,Unknown,96
Ether,1,Unknown,Unknown,95
Ether,1,Unknown,Unknown,113
Ether,1,Unknown,Unknown,112
Ether,1,Unknown,Unknown,111
Ether,1,Unknown,Unknown,92
Ether,1,Unknown,Unknown,66
Ether,1,Unknown,Unknown,96
Ether,1,Unknown,Unknown,66
Ether,1,Unknown,Unknown,112
Ether,1,Unknown,Unknown,66
Ether,1,Unknown,Unknown,109
Ether,1,Unknown,Unknown,66
Ether,1,Unknown,Unknown,108
Ether,1,Unknown,Unknown,66
Ether,1,Unknown,Unknown,74
Ether,1,Unknown,Unknown,78
Ether,1,Unknown,Unknown,66
Ether,1,Unknown,Unknown,78
Ether,1,Unknown,Unknown,75
Ether,1,Unknown,Unknown,75
Ether,1,Unknown,Unknown,60
Ether,1,Unknown,Unknown,74
Ether,1,Unknown,Unknown,60
Ether,1,Unknown,Unknown,105
Ether,1,Unknown,Unknown,66
Ether,1,Unknown,Unknown,60
Ether,1,Unknown,Unknown,74
Ether,1,Unknown,Unknown,87
Ether,1,Unknown,Unknown,78
Ether,1,Unknown,Unknown,66
Ether,1,Unknown,Unknown,78
Ether,1,Unknown,Unknown,137
Ether,1,Unknown,Unknown,78
Ether,1,Unknown,Unknown,60
Ether,1,Unknown,Unknown,86
Ether,1,Unknown,Unknown,96
Ether,1,Unknown,Unknown,86
Ether,1,Unknown,Unknown,112
Ether,1,Unknown,Unknown,128
Ether,1,Unknown,Unknown,135
Ether,1,Unknown,Unknown,75
Ether,1,Unknown,Unknown,66
Ether,1,Unknown,Unknown,162
Ether,1,Unknown,Unknown,66
Ether,1,Unknown,Unknown,105
Ether,1,Unknown,Unknown,66
Ether,1,Unknown,Unknown,88
Ether,1,Unknown,Unknown,95
Ether,1,Unknown,Unknown,104
Ether,1,Unknown,Unknown,111
Ether,1,Unknown,Unknown,110
Ether,1,Unknown,Unknown,66
Ether,1,Unknown,Unknown,133
Ether,1,Unknown,Unknown,66
Ether,1,Unknown,Unknown,138
Ether,1,Unknown,Unknown,66
Ether,1,Unknown,Unknown,78
Ether,1,Unknown,Unknown,62
Ether,1,Unknown,Unknown,54
Ether,1,Unknown,Unknown,1090
Ether,1,Unknown,Unknown,66
Ether,1,Unknown,Unknown,1514
Ether,1,Unknown,Unknown,66
Ether,1,Unknown,Unknown,1514
Ether,1,Unknown,Unknown,66
Ether,1,Unknown,Unknown,1514
Ether,1,Unknown,Unknown,66
Ether,1,Unknown,Unknown,1514
Ether,1,Unknown,Unknown,66
Ether,1,Unknown,Unknown,1514
Ether,1,Unknown,Unknown,66
Ether,1,Unknown,Unknown,1514
Ether,1,Unknown,Unknown,66
Ether,1,Unknown,Unknown,1514
Ether,1,Unknown,Unknown,66
Ether,1,Unknown,Unknown,1514
Ether,1,Unknown,Unknown,66
Ether,1,Unknown,Unknown,1514
Ether,1,Unknown,Unknown,66
Ether,1,Unknown,Unknown,1514
Ether,1,Unknown,Unknown,66
Ether,1,Unknown,Unknown,1514
Ether,1,Unknown,Unknown,66
Ether,1,Unknown,Unknown,1514
Ether,1,Unknown,Unknown,66
Ether,1,Unknown,Unknown,1514
Ether,1,Unknown,Unknown,66
Ether,1,Unknown,Unknown,1514
Ether,1,Unknown,Unknown,66
Ether,1,Unknown,Unknown,737
Ether,1,Unknown,Unknown,66
Ether,1,Unknown,Unknown,86
Ether,1,Unknown,Unknown,147
Ether,1,Unknown,Unknown,62
Ether,1,Unknown,Unknown,54
Ether,1,Unknown,Unknown,97
Ether,1,Unknown,Unknown,66
Ether,1,Unknown,Unknown,62
Ether,1,Unknown,Unknown,54
Ether,1,Unknown,Unknown,107
Ether,1,Unknown,Unknown,123
Ether,1,Unknown,Unknown,91
Ether,1,Unknown,Unknown,66
Ether,1,Unknown,Unknown,96
Ether,1,Unknown,Unknown,90
Ether,1,Unknown,Unknown,66
Ether,1,Unknown,Unknown,112
Ether,1,Unknown,Unknown,66
Ether,1,Unknown,Unknown,66
Ether,1,Unknown,Unknown,154
Ether,1,Unknown,Unknown,66
Ether,1,Unknown,Unknown,60
Ether,1,Unknown,Unknown,67
Ether,1,Unknown,Unknown,114
Ether,1,Unknown,Unknown,66
Ether,1,Unknown,Unknown,60
Ether,1,Unknown,Unknown,60
Ether,1,Unknown,Unknown,60
Ether,1,Unknown,Unknown,60
Ether,1,Unknown,Unknown,79
Ether,1,Unknown,Unknown,68
Ether,1,Unknown,Unknown,68
Ether,1,Unknown,Unknown,114
Ether,1,Unknown,Unknown,66
Ether,1,Unknown,Unknown,73
Ether,1,Unknown,Unknown,73
Ether,1,Unknown,Unknown,73
Ether,1,Unknown,Unknown,60
Ether,1,Unknown,Unknown,79
Ether,1,Unknown,Unknown,60
Ether,1,Unknown,Unknown,87
Ether,1,Unknown,Unknown,68
Ether,1,Unknown,Unknown,60
Ether,1,Unknown,Unknown,141
Ether,1,Unknown,Unknown,66
Ether,1,Unknown,Unknown,73
Ether,1,Unknown,Unknown,73
Ether,1,Unknown,Unknown,73
Ether,1,Unknown,Unknown,121
Ether,1,Unknown,Unknown,60
Ether,1,Unknown,Unknown,73
Ether,1,Unknown,Unknown,60
Ether,1,Unknown,Unknown,73
Ether,1,Unknown,Unknown,60
Ether,1,Unknown,Unknown,73
Ether,1,Unknown,Unknown,60
Ether,1,Unknown,Unknown,63
Ether,1,Unknown,Unknown,60
Ether,1,Unknown,Unknown,111
Ether,1,Unknown,Unknown,73
Ether,1,Unknown,Unknown,73
Ether,1,Unknown,Unknown,60
Ether,1,Unknown,Unknown,73
Ether,1,Unknown,Unknown,92
Ether,1,Unknown,Unknown,66
Ether,1,Unknown,Unknown,60
Ether,1,Unknown,Unknown,73
Ether,1,Unknown,Unknown,60
Ether,1,Unknown,Unknown,73
Ether,1,Unknown,Unknown,60
Ether,1,Unknown,Unknown,60
Ether,1,Unknown,Unknown,87
Ether,1,Unknown,Unknown,80
Ether,1,Unknown,Unknown,86
Ether,1,Unknown,Unknown,86
Ether,1,Unknown,Unknown,86
Ether,1,Unknown,Unknown,86
Ether,1,Unknown,Unknown,86
Ether,1,Unknown,Unknown,87
Ether,1,Unknown,Unknown,84
Ether,1,Unknown,Unknown,86
Ether,1,Unknown,Unknown,87
Ether,1,Unknown,Unknown,84
Ether,1,Unknown,Unknown,87
Ether,1,Unknown,Unknown,86
Ether,1,Unknown,Unknown,85
Ether,1,Unknown,Unknown,73
Ether,1,Unknown,Unknown,73
Ether,1,Unknown,Unknown,89
Ether,1,Unknown,Unknown,96
Ether,1,Unknown,Unknown,60
Ether,1,Unknown,Unknown,60
Ether,1,Unknown,Unknown,87
Ether,1,Unknown,Unknown,140
Ether,1,Unknown,Unknown,126
Ether,1,Unknown,Unknown,140
Ether,1,Unknown,Unknown,127
Ether,1,Unknown,Unknown,131
Ether,1,Unknown,Unknown,152
Ether,1,Unknown,Unknown,141
Ether,1,Unknown,Unknown,131
Ether,1,Unknown,Unknown,130
Ether,1,Unknown,Unknown,136
Ether,1,Unknown,Unknown,66
Ether,1,Unknown,Unknown,128
Ether,1,Unknown,Unknown,116
Ether,1,Unknown,Unknown,147
Ether,1,Unknown,Unknown,100
Ether,1,Unknown,Unknown,86
Ether,1,Unknown,Unknown,99
Ether,1,Unknown,Unknown,86
Ether,1,Unknown,Unknown,93
Ether,1,Unknown,Unknown,112
Ether,1,Unknown,Unknown,102
Ether,1,Unknown,Unknown,91
Ether,1,Unknown,Unknown,90
Ether,1,Unknown,Unknown,96
Ether,1,Unknown,Unknown,87
Ether,1,Unknown,Unknown,78
Ether,1,Unknown,Unknown,107
Ether,1,Unknown,Unknown,116
Ether,1,Unknown,Unknown,102
Ether,1,Unknown,Unknown,115
Ether,1,Unknown,Unknown,102
Ether,1,Unknown,Unknown,109
Ether,1,Unknown,Unknown,128
Ether,1,Unknown,Unknown,118
Ether,1,Unknown,Unknown,107
Ether,1,Unknown,Unknown,106
Ether,1,Unknown,Unknown,112
Ether,1,Unknown,Unknown,103
Ether,1,Unknown,Unknown,94
Ether,1,Unknown,Unknown,123
Ether,1,Unknown,Unknown,86
Ether,1,Unknown,Unknown,88
Ether,1,Unknown,Unknown,84
Ether,1,Unknown,Unknown,86
Ether,1,Unknown,Unknown,85
Ether,1,Unknown,Unknown,73
Ether,1,Unknown,Unknown,128
Ether,1,Unknown,Unknown,136
Ether,1,Unknown,Unknown,151
Ether,1,Unknown,Unknown,137
Ether,1,Unknown,Unknown,88
Ether,1,Unknown,Unknown,90
Ether,1,Unknown,Unknown,96
Ether,1,Unknown,Unknown,111
Ether,1,Unknown,Unknown,98
Ether,1,Unknown,Unknown,106
Ether,1,Unknown,Unknown,112
Ether,1,Unknown,Unknown,127
Ether,1,Unknown,Unknown,114
Ether,1,Unknown,Unknown,109
Ether,1,Unknown,Unknown,66
Ether,1,Unknown,Unknown,500
Ether,1,Unknown,Unknown,528
Ether,1,Unknown,Unknown,500
Ether,1,Unknown,Unknown,528
Ether,1,Unknown,Unknown,87
Ether,1,Unknown,Unknown,87
Ether,1,Unknown,Unknown,73
Ether,1,Unknown,Unknown,139
Ether,1,Unknown,Unknown,66
Ether,1,Unknown,Unknown,60
Ether,1,Unknown,Unknown,42
Ether,1,Unknown,Unknown,93
Ether,1,Unknown,Unknown,66
Ether,1,Unknown,Unknown,90
Ether,1,Unknown,Unknown,66
Ether,1,Unknown,Unknown,103
Ether,1,Unknown,Unknown,66
Ether,1,Unknown,Unknown,66
Ether,1,Unknown,Unknown,66
Ether,1,Unknown,Unknown,66
Ether,1,Unknown,Unknown,66
Ether,1,Unknown,Unknown,96
Ether,1,Unknown,Unknown,112
Ether,1,Unknown,Unknown,66
Ether,1,Unknown,Unknown,110
Ether,1,Unknown,Unknown,66
Ether,1,Unknown,Unknown,168
Ether,1,Unknown,Unknown,66
Ether,1,Unknown,Unknown,180
Ether,1,Unknown,Unknown,66
Ether,1,Unknown,Unknown,78
Ether,1,Unknown,Unknown,54
Ether,1,Unknown,Unknown,78
Ether,1,Unknown,Unknown,54
Ether,1,Unknown,Unknown,85
Ether,1,Unknown,Unknown,145
Ether,1,Unknown,Unknown,106
Ether,1,Unknown,Unknown,122
Ether,1,Unknown,Unknown,32
Ether,1,Unknown,Unknown,108
Ether,1,Unknown,Unknown,66
Ether,1,Unknown,Unknown,161
Ether,1,Unknown,Unknown,66
Ether,1,Unknown,Unknown,91
Ether,1,Unknown,Unknown,66
Ether,1,Unknown,Unknown,91
Ether,1,Unknown,Unknown,66
Ether,1,Unknown,Unknown,92
Ether,1,Unknown,Unknown,66
Ether,1,Unknown,Unknown,110
Ether,1,Unknown,Unknown,66
Ether,1,Unknown,Unknown,232
Ether,1,Unknown,Unknown,66
Ether,1,Unknown,Unknown,141
Ether,1,Unknown,Unknown,66
Ether,1,Unknown,Unknown,91
Ether,1,Unknown,Unknown,66
Ether,1,Unknown,Unknown,96
Ether,1,Unknown,Unknown,66
Ether,1,Unknown,Unknown,112
Ether,1,Unknown,Unknown,66
Ether,1,Unknown,Unknown,162
Ether,1,Unknown,Unknown,66
Ether,1,Unknown,Unknown,106
Ether,1,Unknown,Unknown,66
Ether,1,Unknown,Unknown,70
Ether,1,Unknown,Unknown,82
Ether,1,Unknown,Unknown,70
Ether,1,Unknown,Unknown,108
Ether,1,Unknown,Unknown,66
Ether,1,Unknown,Unknown,70
Ether,1,Unknown,Unknown,66
Ether,1,Unknown,Unknown,74
Ether,1,Unknown,Unknown,74
Ether,1,Unknown,Unknown,74
Ether,1,Unknown,Unknown,74
Ether,1,Unknown,Unknown,60
Ether,1,Unknown,Unknown,74
Ether,1,Unknown,Unknown,78
Ether,1,Unknown,Unknown,66
Ether,1,Unknown,Unknown,78
Ether,1,Unknown,Unknown,78
Ether,1,Unknown,Unknown,66
Ether,1,Unknown,Unknown,78
Ether,1,Unknown,Unknown,60
Ether,1,Unknown,Unknown,60
Ether,1,Unknown,Unknown,60
Ether,1,Unknown,Unknown,74
Ether,1,Unknown,Unknown,60
Ether,1,Unknown,Unknown,74
Ether,1,Unknown,Unknown,80
Ether,1,Unknown,Unknown,54
Ether,1,Unknown,Unknown,60
Ether,1,Unknown,Unknown,60
Ether,1,Unknown,Unknown,85
Ether,1,Unknown,Unknown,78
Ether,1,Unknown,Unknown,66
Ether,1,Unknown,Unknown,78
Ether,1,Unknown,Unknown,133
Ether,1,Unknown,Unknown,60
Ether,1,Unknown,Unknown,74
Ether,1,Unknown,Unknown,60
Ether,1,Unknown,Unknown,94
Ether,1,Unknown,Unknown,110
Ether,1,Unknown,Unknown,86
Ether,1,Unknown,Unknown,86
Ether,1,Unknown,Unknown,84
Ether,1,Unknown,Unknown,86
Ether,1,Unknown,Unknown,86
Ether,1,Unknown,Unknown,84
Ether,1,Unknown,Unknown,139
Ether,1,Unknown,Unknown,135
Ether,1,Unknown,Unknown,135
Ether,1,Unknown,Unknown,129
Ether,1,Unknown,Unknown,135
Ether,1,Unknown,Unknown,133
Ether,1,Unknown,Unknown,101
Ether,1,Unknown,Unknown,95
Ether,1,Unknown,Unknown,95
Ether,1,Unknown,Unknown,91
Ether,1,Unknown,Unknown,95
Ether,1,Unknown,Unknown,93
Ether,1,Unknown,Unknown,117
Ether,1,Unknown,Unknown,111
Ether,1,Unknown,Unknown,111
Ether,1,Unknown,Unknown,107
Ether,1,Unknown,Unknown,111
Ether,1,Unknown,Unknown,109
Ether,1,Unknown,Unknown,74
Ether,1,Unknown,Unknown,60
Ether,1,Unknown,Unknown,74
Ether,1,Unknown,Unknown,74
Ether,1,Unknown,Unknown,110
Ether,1,Unknown,Unknown,66
Ether,1,Unknown,Unknown,143
Ether,1,Unknown,Unknown,66
Ether,1,Unknown,Unknown,74
Ether,1,Unknown,Unknown,204
Ether,1,Unknown,Unknown,66
Ether,1,Unknown,Unknown,74
Ether,1,Unknown,Unknown,74
Ether,1,Unknown,Unknown,105
Ether,1,Unknown,Unknown,66
Ether,1,Unknown,Unknown,155
Ether,1,Unknown,Unknown,66
Ether,1,Unknown,Unknown,96
Ether,1,Unknown,Unknown,294
Ether,1,Unknown,Unknown,66
Ether,1,Unknown,Unknown,93
Ether,1,Unknown,Unknown,66
Ether,1,Unknown,Unknown,90
Ether,1,Unknown,Unknown,66
Ether,1,Unknown,Unknown,78
Ether,1,Unknown,Unknown,54
Ether,1,Unknown,Unknown,74
Ether,1,Unknown,Unknown,78
Ether,1,Unknown,Unknown,54
Ether,1,Unknown,Unknown,87
Ether,1,Unknown,Unknown,87
Ether,1,Unknown,Unknown,149
Ether,1,Unknown,Unknown,74
Ether,1,Unknown,Unknown,74
Ether,1,Unknown,Unknown,74
Ether,1,Unknown,Unknown,134
Ether,1,Unknown,Unknown,60
Ether,1,Unknown,Unknown,74
Ether,1,Unknown,Unknown,108
Ether,1,Unknown,Unknown,93
Ether,1,Unknown,Unknown,124
Ether,1,Unknown,Unknown,109
Ether,1,Unknown,Unknown,91
Ether,1,Unknown,Unknown,66
Ether,1,Unknown,Unknown,91
Ether,1,Unknown,Unknown,82
Ether,1,Unknown,Unknown,1090
Ether,1,Unknown,Unknown,66
Ether,1,Unknown,Unknown,66
Ether,1,Unknown,Unknown,1152
Ether,1,Unknown,Unknown,66
Ether,1,Unknown,Unknown,84
Ether,1,Unknown,Unknown,84
Ether,1,Unknown,Unknown,86
Ether,1,Unknown,Unknown,85
Ether,1,Unknown,Unknown,122
Ether,1,Unknown,Unknown,145
Ether,1,Unknown,Unknown,130
Ether,1,Unknown,Unknown,131
Ether,1,Unknown,Unknown,84
Ether,1,Unknown,Unknown,107
Ether,1,Unknown,Unknown,90
Ether,1,Unknown,Unknown,92
Ether,1,Unknown,Unknown,100
Ether,1,Unknown,Unknown,123
Ether,1,Unknown,Unknown,106
Ether,1,Unknown,Unknown,108
Ether,1,Unknown,Unknown,74
Ether,1,Unknown,Unknown,70
Ether,1,Unknown,Unknown,74
Ether,1,Unknown,Unknown,60
Ether,1,Unknown,Unknown,74
Ether,1,Unknown,Unknown,78
Ether,1,Unknown,Unknown,66
Ether,1,Unknown,Unknown,78
Ether,1,Unknown,Unknown,60
Ether,1,Unknown,Unknown,60
Ether,1,Unknown,Unknown,74
Ether,1,Unknown,Unknown,74
Ether,1,Unknown,Unknown,74
Ether,1,Unknown,Unknown,78
Ether,1,Unknown,Unknown,66
Ether,1,Unknown,Unknown,78
Ether,1,Unknown,Unknown,74
Ether,1,Unknown,Unknown,60
Ether,1,Unknown,Unknown,74
Ether,1,Unknown,Unknown,78
Ether,1,Unknown,Unknown,66
Ether,1,Unknown,Unknown,78
Ether,1,Unknown,Unknown,75
Ether,1,Unknown,Unknown,85
Ether,1,Unknown,Unknown,85
Ether,1,Unknown,Unknown,86
Ether,1,Unknown,Unknown,85
Ether,1,Unknown,Unknown,85
Ether,1,Unknown,Unknown,66
Ether,1,Unknown,Unknown,129
Ether,1,Unknown,Unknown,130
Ether,1,Unknown,Unknown,105
Ether,1,Unknown,Unknown,66
Ether,1,Unknown,Unknown,135
Ether,1,Unknown,Unknown,131
Ether,1,Unknown,Unknown,85
Ether,1,Unknown,Unknown,105
Ether,1,Unknown,Unknown,66
Ether,1,Unknown,Unknown,90
Ether,1,Unknown,Unknown,90
Ether,1,Unknown,Unknown,96
Ether,1,Unknown,Unknown,92
Ether,1,Unknown,Unknown,106
Ether,1,Unknown,Unknown,106
Ether,1,Unknown,Unknown,112
Ether,1,Unknown,Unknown,108
Ether,1,Unknown,Unknown,169
Ether,1,Unknown,Unknown,66
Ether,1,Unknown,Unknown,112
Ether,1,Unknown,Unknown,66
Ether,1,Unknown,Unknown,67
Ether,1,Unknown,Unknown,122
Ether,1,Unknown,Unknown,66
Ether,1,Unknown,Unknown,74
Ether,1,Unknown,Unknown,74
Ether,1,Unknown,Unknown,74
Ether,1,Unknown,Unknown,60
Ether,1,Unknown,Unknown,42
Ether,1,Unknown,Unknown,66
Ether,1,Unknown,Unknown,74
Ether,1,Unknown,Unknown,78
Ether,1,Unknown,Unknown,66
Ether,1,Unknown,Unknown,78
Ether,1,Unknown,Unknown,66
Ether,1,Unknown,Unknown,60
Ether,1,Unknown,Unknown,74
Ether,1,Unknown,Unknown,60
Ether,1,Unknown,Unknown,60
Ether,1,Unknown,Unknown,60
Ether,1,Unknown,Unknown,60
Ether,1,Unknown,Unknown,60
Ether,1,Unknown,Unknown,60
Ether,1,Unknown,Unknown,74
Ether,1,Unknown,Unknown,60
Ether,1,Unknown,Unknown,65
Ether,1,Unknown,Unknown,74
Ether,1,Unknown,Unknown,78
Ether,1,Unknown,Unknown,66
Ether,1,Unknown,Unknown,78
Ether,1,Unknown,Unknown,93
Ether,1,Unknown,Unknown,60
Ether,1,Unknown,Unknown,78
Ether,1,Unknown,Unknown,66
Ether,1,Unknown,Unknown,78
Ether,1,Unknown,Unknown,60
Ether,1,Unknown,Unknown,60
Ether,1,Unknown,Unknown,60
Ether,1,Unknown,Unknown,74
Ether,1,Unknown,Unknown,60
Ether,1,Unknown,Unknown,67
Ether,1,Unknown,Unknown,66
Ether,1,Unknown,Unknown,54
Ether,1,Unknown,Unknown,68
Ether,1,Unknown,Unknown,60
Ether,1,Unknown,Unknown,74
Ether,1,Unknown,Unknown,60
Ether,1,Unknown,Unknown,74
Ether,1,Unknown,Unknown,74
Ether,1,Unknown,Unknown,60
Ether,1,Unknown,Unknown,91
Ether,1,Unknown,Unknown,54
Ether,1,Unknown,Unknown,79
Ether,1,Unknown,Unknown,78
Ether,1,Unknown,Unknown,66
Ether,1,Unknown,Unknown,78
Ether,1,Unknown,Unknown,87
Ether,1,Unknown,Unknown,85
Ether,1,Unknown,Unknown,87
Ether,1,Unknown,Unknown,83
Ether,1,Unknown,Unknown,84
Ether,1,Unknown,Unknown,86
Ether,1,Unknown,Unknown,632
Ether,1,Unknown,Unknown,58
Ether,1,Unknown,Unknown,60
Ether,1,Unknown,Unknown,60
Ether,1,Unknown,Unknown,74
Ether,1,Unknown,Unknown,131
Ether,1,Unknown,Unknown,141
Ether,1,Unknown,Unknown,129
Ether,1,Unknown,Unknown,67
Ether,1,Unknown,Unknown,155
Ether,1,Unknown,Unknown,66
Ether,1,Unknown,Unknown,78
Ether,1,Unknown,Unknown,66
Ether,1,Unknown,Unknown,78
Ether,1,Unknown,Unknown,125
Ether,1,Unknown,Unknown,83
Ether,1,Unknown,Unknown,60
Ether,1,Unknown,Unknown,110
Ether,1,Unknown,Unknown,60
Ether,1,Unknown,Unknown,60
Ether,1,Unknown,Unknown,74
Ether,1,Unknown,Unknown,714
Ether,1,Unknown,Unknown,74
Ether,1,Unknown,Unknown,66
Ether,1,Unknown,Unknown,64
Ether,1,Unknown,Unknown,64
Ether,1,Unknown,Unknown,71
Ether,1,Unknown,Unknown,54
Ether,1,Unknown,Unknown,695
Ether,1,Unknown,Unknown,60
Ether,1,Unknown,Unknown,60
Ether,1,Unknown,Unknown,60
Ether,1,Unknown,Unknown,60
Ether,1,Unknown,Unknown,66
Ether,1,Unknown,Unknown,71
Ether,1,Unknown,Unknown,66
Ether,1,Unknown,Unknown,478
Ether,1,Unknown,Unknown,68
Ether,1,Unknown,Unknown,68
Ether,1,Unknown,Unknown,60
Ether,1,Unknown,Unknown,68
Ether,1,Unknown,Unknown,66
Ether,1,Unknown,Unknown,68
Ether,1,Unknown,Unknown,60
Ether,1,Unknown,Unknown,68
Ether,1,Unknown,Unknown,60
Ether,1,Unknown,Unknown,68
Ether,1,Unknown,Unknown,60
Ether,1,Unknown,Unknown,68
Ether,1,Unknown,Unknown,60
Ether,1,Unknown,Unknown,85
Ether,1,Unknown,Unknown,90
Ether,1,Unknown,Unknown,100
Ether,1,Unknown,Unknown,89
Ether,1,Unknown,Unknown,116
Ether,1,Unknown,Unknown,87
Ether,1,Unknown,Unknown,86
Ether,1,Unknown,Unknown,86
Ether,1,Unknown,Unknown,85
Ether,1,Unknown,Unknown,86
Ether,1,Unknown,Unknown,86
Ether,1,Unknown,Unknown,85
Ether,1,Unknown,Unknown,87
Ether,1,Unknown,Unknown,85
Ether,1,Unknown,Unknown,86
Ether,1,Unknown,Unknown,86
Ether,1,Unknown,Unknown,288
Ether,1,Unknown,Unknown,68
Ether,1,Unknown,Unknown,106
Ether,1,Unknown,Unknown,116
Ether,1,Unknown,Unknown,105
Ether,1,Unknown,Unknown,67
Ether,1,Unknown,Unknown,60
Ether,1,Unknown,Unknown,132
Ether,1,Unknown,Unknown,103
Ether,1,Unknown,Unknown,66
Ether,1,Unknown,Unknown,68
Ether,1,Unknown,Unknown,86
Ether,1,Unknown,Unknown,120
Ether,1,Unknown,Unknown,102
Ether,1,Unknown,Unknown,54
Ether,1,Unknown,Unknown,100
Ether,1,Unknown,Unknown,100
Ether,1,Unknown,Unknown,100
Ether,1,Unknown,Unknown,141
Ether,1,Unknown,Unknown,74
Ether,1,Unknown,Unknown,132
Ether,1,Unknown,Unknown,136
Ether,1,Unknown,Unknown,130
Ether,1,Unknown,Unknown,68
Ether,1,Unknown,Unknown,60
Ether,1,Unknown,Unknown,87
Ether,1,Unknown,Unknown,139
Ether,1,Unknown,Unknown,129
Ether,1,Unknown,Unknown,127
Ether,1,Unknown,Unknown,407
Ether,1,Unknown,Unknown,67
Ether,1,Unknown,Unknown,136
Ether,1,Unknown,Unknown,407
Ether,1,Unknown,Unknown,68
Ether,1,Unknown,Unknown,60
Ether,1,Unknown,Unknown,407
Ether,1,Unknown,Unknown,110
Ether,1,Unknown,Unknown,66
Ether,1,Unknown,Unknown,136
Ether,1,Unknown,Unknown,54
Ether,1,Unknown,Unknown,102
Ether,1,Unknown,Unknown,102
Ether,1,Unknown,Unknown,102
Ether,1,Unknown,Unknown,68
Ether,1,Unknown,Unknown,407
Ether,1,Unknown,Unknown,68
Ether,1,Unknown,Unknown,72
Ether,1,Unknown,Unknown,72
Ether,1,Unknown,Unknown,88
Ether,1,Unknown,Unknown,74
Ether,1,Unknown,Unknown,68
Ether,1,Unknown,Unknown,74
Ether,1,Unknown,Unknown,66
Ether,1,Unknown,Unknown,232
Ether,1,Unknown,Unknown,66
Ether,1,Unknown,Unknown,73
Ether,1,Unknown,Unknown,462
Ether,1,Unknown,Unknown,66
Ether,1,Unknown,Unknown,66
Ether,1,Unknown,Unknown,66
Ether,1,Unknown,Unknown,66
Ether,1,Unknown,Unknown,81
Ether,1,Unknown,Unknown,101
Ether,1,Unknown,Unknown,93
Ether,1,Unknown,Unknown,96
Ether,1,Unknown,Unknown,90
Ether,1,Unknown,Unknown,99
Ether,1,Unknown,Unknown,90
Ether,1,Unknown,Unknown,87
Ether,1,Unknown,Unknown,97
Ether,1,Unknown,Unknown,97
Ether,1,Unknown,Unknown,117
Ether,1,Unknown,Unknown,109
Ether,1,Unknown,Unknown,112
Ether,1,Unknown,Unknown,106
Ether,1,Unknown,Unknown,115
Ether,1,Unknown,Unknown,106
Ether,1,Unknown,Unknown,103
Ether,1,Unknown,Unknown,113
Ether,1,Unknown,Unknown,163
Ether,1,Unknown,Unknown,388
Ether,1,Unknown,Unknown,388
Ether,1,Unknown,Unknown,388
Ether,1,Unknown,Unknown,388
Ether,1,Unknown,Unknown,388
Ether,1,Unknown,Unknown,388
Ether,1,Unknown,Unknown,388
Ether,1,Unknown,Unknown,388
Ether,1,Unknown,Unknown,388
Ether,1,Unknown,Unknown,388
Ether,1,Unknown,Unknown,388
Ether,1,Unknown,Unknown,388
Ether,1,Unknown,Unknown,388
Ether,1,Unknown,Unknown,136
Ether,1,Unknown,Unknown,60
Ether,1,Unknown,Unknown,60
Ether,1,Unknown,Unknown,60
Ether,1,Unknown,Unknown,60
Ether,1,Unknown,Unknown,60
Ether,1,Unknown,Unknown,60
Ether,1,Unknown,Unknown,60
Ether,1,Unknown,Unknown,60
Ether,1,Unknown,Unknown,60
Ether,1,Unknown,Unknown,96
Ether,1,Unknown,Unknown,60
Ether,1,Unknown,Unknown,60
Ether,1,Unknown,Unknown,60
Ether,1,Unknown,Unknown,112
Ether,1,Unknown,Unknown,66
Ether,1,Unknown,Unknown,86
Ether,1,Unknown,Unknown,85
Ether,1,Unknown,Unknown,86
Ether,1,Unknown,Unknown,86
Ether,1,Unknown,Unknown,145
Ether,1,Unknown,Unknown,135
Ether,1,Unknown,Unknown,129
Ether,1,Unknown,Unknown,64
Ether,1,Unknown,Unknown,72
Ether,1,Unknown,Unknown,74
Ether,1,Unknown,Unknown,74
Ether,1,Unknown,Unknown,206
Ether,1,Unknown,Unknown,66
Ether,1,Unknown,Unknown,86
Ether,1,Unknown,Unknown,106
Ether,1,Unknown,Unknown,95
Ether,1,Unknown,Unknown,89
Ether,1,Unknown,Unknown,735
Ether,1,Unknown,Unknown,122
Ether,1,Unknown,Unknown,111
Ether,1,Unknown,Unknown,105
Ether,1,Unknown,Unknown,64
Ether,1,Unknown,Unknown,62
Ether,1,Unknown,Unknown,62
Ether,1,Unknown,Unknown,61
Ether,1,Unknown,Unknown,53
Ether,1,Unknown,Unknown,74
Ether,1,Unknown,Unknown,54
Ether,1,Unknown,Unknown,60
Ether,1,Unknown,Unknown,125
Ether,1,Unknown,Unknown,54
Ether,1,Unknown,Unknown,388
Ether,1,Unknown,Unknown,68
Ether,1,Unknown,Unknown,127
Ether,1,Unknown,Unknown,72
Ether,1,Unknown,Unknown,65
Ether,1,Unknown,Unknown,54
Ether,1,Unknown,Unknown,58
Ether,1,Unknown,Unknown,136
Ether,1,Unknown,Unknown,111
Ether,1,Unknown,Unknown,66
Ether,1,Unknown,Unknown,60
Ether,1,Unknown,Unknown,60
Ether,1,Unknown,Unknown,54
Ether,1,Unknown,Unknown,88
Ether,1,Unknown,Unknown,60
Ether,1,Unknown,Unknown,143
Ether,1,Unknown,Unknown,67
Ether,1,Unknown,Unknown,101
Ether,1,Unknown,Unknown,102
Ether,1,Unknown,Unknown,54
Ether,1,Unknown,Unknown,73
Ether,1,Unknown,Unknown,117
Ether,1,Unknown,Unknown,60
Ether,1,Unknown,Unknown,74
Ether,1,Unknown,Unknown,135
Ether,1,Unknown,Unknown,66
Ether,1,Unknown,Unknown,388
Ether,1,Unknown,Unknown,74
Ether,1,Unknown,Unknown,74
Ether,1,Unknown,Unknown,78
Ether,1,Unknown,Unknown,1090
Ether,1,Unknown,Unknown,66
Ether,1,Unknown,Unknown,1514
Ether,1,Unknown,Unknown,66
Ether,1,Unknown,Unknown,1514
Ether,1,Unknown,Unknown,66
Ether,1,Unknown,Unknown,1514
Ether,1,Unknown,Unknown,66
Ether,1,Unknown,Unknown,1514
Ether,1,Unknown,Unknown,66
Ether,1,Unknown,Unknown,1514
Ether,1,Unknown,Unknown,66
Ether,1,Unknown,Unknown,1514
Ether,1,Unknown,Unknown,66
Ether,1,Unknown,Unknown,1514
Ether,1,Unknown,Unknown,66
Ether,1,Unknown,Unknown,1514
Ether,1,Unknown,Unknown,66
Ether,1,Unknown,Unknown,1514
Ether,1,Unknown,Unknown,66
Ether,1,Unknown,Unknown,1514
Ether,1,Unknown,Unknown,66
Ether,1,Unknown,Unknown,1514
Ether,1,Unknown,Unknown,66
Ether,1,Unknown,Unknown,1514
Ether,1,Unknown,Unknown,66
Ether,1,Unknown,Unknown,1514
Ether,1,Unknown,Unknown,66
Ether,1,Unknown,Unknown,1514
Ether,1,Unknown,Unknown,66
Ether,1,Unknown,Unknown,881
Ether,1,Unknown,Unknown,66
Ether,1,Unknown,Unknown,32
Ether,1,Unknown,Unknown,92
Ether,1,Unknown,Unknown,66
Ether,1,Unknown,Unknown,73
Ether,1,Unknown,Unknown,73
Ether,1,Unknown,Unknown,73
Ether,1,Unknown,Unknown,60
Ether,1,Unknown,Unknown,67
Ether,1,Unknown,Unknown,54
Ether,1,Unknown,Unknown,66
Ether,1,Unknown,Unknown,60
Ether,1,Unknown,Unknown,88
Ether,1,Unknown,Unknown,66
Ether,1,Unknown,Unknown,66
Ether,1,Unknown,Unknown,129
Ether,1,Unknown,Unknown,54
Ether,1,Unknown,Unknown,60
Ether,1,Unknown,Unknown,54
Ether,1,Unknown,Unknown,60
Ether,1,Unknown,Unknown,54
Ether,1,Unknown,Unknown,96
Ether,1,Unknown,Unknown,66
Ether,1,Unknown,Unknown,74
Ether,1,Unknown,Unknown,74
Ether,1,Unknown,Unknown,74
Ether,1,Unknown,Unknown,78
Ether,1,Unknown,Unknown,66
Ether,1,Unknown,Unknown,78
Ether,1,Unknown,Unknown,78
Ether,1,Unknown,Unknown,66
Ether,1,Unknown,Unknown,78
Ether,1,Unknown,Unknown,60
Ether,1,Unknown,Unknown,87
Ether,1,Unknown,Unknown,60
Ether,1,Unknown,Unknown,74
Ether,1,Unknown,Unknown,74
Ether,1,Unknown,Unknown,74
Ether,1,Unknown,Unknown,60
Ether,1,Unknown,Unknown,60
Ether,1,Unknown,Unknown,60
Ether,1,Unknown,Unknown,131
Ether,1,Unknown,Unknown,78
Ether,1,Unknown,Unknown,66
Ether,1,Unknown,Unknown,78
Ether,1,Unknown,Unknown,60
Ether,1,Unknown,Unknown,60
Ether,1,Unknown,Unknown,90
Ether,1,Unknown,Unknown,106
Ether,1,Unknown,Unknown,112
Ether,1,Unknown,Unknown,66
Ether,1,Unknown,Unknown,85
Ether,1,Unknown,Unknown,86
Ether,1,Unknown,Unknown,85
Ether,1,Unknown,Unknown,85
Ether,1,Unknown,Unknown,86
Ether,1,Unknown,Unknown,130
Ether,1,Unknown,Unknown,135
Ether,1,Unknown,Unknown,130
Ether,1,Unknown,Unknown,133
Ether,1,Unknown,Unknown,148
Ether,1,Unknown,Unknown,91
Ether,1,Unknown,Unknown,66
Ether,1,Unknown,Unknown,91
Ether,1,Unknown,Unknown,90
Ether,1,Unknown,Unknown,96
Ether,1,Unknown,Unknown,91
Ether,1,Unknown,Unknown,94
Ether,1,Unknown,Unknown,108
Ether,1,Unknown,Unknown,106
Ether,1,Unknown,Unknown,112
Ether,1,Unknown,Unknown,107
Ether,1,Unknown,Unknown,110
Ether,1,Unknown,Unknown,124
Ether,1,Unknown,Unknown,66
Ether,1,Unknown,Unknown,92
Ether,1,Unknown,Unknown,66
Ether,1,Unknown,Unknown,90
Ether,1,Unknown,Unknown,74
Ether,1,Unknown,Unknown,66
Ether,1,Unknown,Unknown,230
Ether,1,Unknown,Unknown,66
Ether,1,Unknown,Unknown,60
Ether,1,Unknown,Unknown,96
Ether,1,Unknown,Unknown,112
Ether,1,Unknown,Unknown,66
